Title,Original Text,Source,URL,Date,Category,In Brief,The Story,Key Fact,Column 1,Column 2,Image URL
"Army, Assam Police review security framework for Independence Day celebrations","As part of the ongoing Military-Civil Fusion initiative, the Red Shield Division under the aegis of Spear Corps organised a Security Conference at Laipuli on Tuesday, July 1 in preparation for the forthcoming Independence Day celebrations.

The conference was convened with the objective of strengthening inter-agency coordination and reviewing the overall security framework to ensure the peaceful and secure conduct of Independence Day across the region.

The meeting was attended by senior Army officials along with representatives of the Assam Police, including the Senior Superintendent of Police (SSP), Tinsukia and Dibrugarh.

During the deliberations, participants focused on enhancing intelligence sharing mechanisms, implementing coordinated preventive measures, advancing proactive security planning and improving inter-agency synergy to effectively respond to emerging security challenges.

Officials also reviewed existing preparedness measures and discussed coordinated operational approaches aimed at ensuring timely information exchange and effective response capabilities during the national celebrations.

The conference concluded with all stakeholders reaffirming their commitment to seamless coordination and a unified approach towards ensuring a safe, secure and incident-free Independence Day.

The initiative reflects continued efforts by the Indian Army to strengthen military-civil fusion, foster institutional cooperation with civil agencies and contribute to maintaining peace, security and stability in the region.",India Today NE,https://www.indiatodayne.in/assam/story/army-assam-police-review-security-framework-for-independence-day-celebrations-1417292-2026-07-01,"07/01/2026, 07:00 AM, +0000 UTC",Security & Strategic Affairs,"As part of the ongoing Military-Civil Fusion initiative, the Red Shield Division under the aegis of Spear Corps organised a Security Conference at Laipuli on Tuesday, July 1 in preparation for the forthcoming Independence Day celebrations.","As part of the ongoing Military-Civil Fusion initiative, the Red Shield Division under the aegis of Spear Corps organised a Security Conference at Laipuli on Tuesday, July 1 in preparation for the forthcoming Independence Day celebrations. The conference was convened with the objective of strengthening inter-agency coordination and reviewing the overall security framework to ensure the peaceful and secure conduct of Independence Day across the region. The meeting was attended by senior Army officials along with representatives of the Assam Police, including the Senior Superintendent of Police (SSP), Tinsukia and Dibrugarh. During the deliberations, participants focused on enhancing intelligence sharing mechanisms, implementing coordinated preventive measures, advancing proactive security planning and improving inter-agency synergy to effectively respond to emerging security challenges.",The conference was convened with the objective of strengthening inter-agency coordination and reviewing the overall security framework to ensure the peaceful and secure conduct of Independence Day across the region.,"As part of the ongoing Military-Civil Fusion initiative, the Red Shield Division under the aegis of Spear Corps organised a Security Conference at Laipuli on Tuesday, July 1 in preparation for the forthcoming Independence Day celebrations. The conference was convened with the objective of strengthening inter-agency coordination and reviewing the overall security framework to ensure the peaceful and secure conduct","of Independence Day across the region. The meeting was attended by senior Army officials along with representatives of the Assam Police, including the Senior Superintendent of Police (SSP), Tinsukia and Dibrugarh. During the deliberations, participants focused on enhancing intelligence sharing mechanisms, implementing coordinated preventive measures, advancing proactive security planning and improving inter-agency synergy to effectively respond to emerging security challenges.",https://cf-img-a-in.tosshub.com/lingo/itne/images/story/202607/6a4516dea3e18-independence-day-security-preparedness-013212835-16x9.jpeg?size=948:533
"Army Chief General Dhiraj Seth Reviews Security Situation in Manipur, Operational Preparedness of Assam Rifles and Red Shield Division","Chief of the Army Staff (COAS) General Dhiraj Seth reviewed the prevailing security situation in Manipur during his ongoing visit to Spear Corps, reaffirming the Indian Army’s commitment to maintaining peace, stability and operational readiness in the strategically significant Northeastern region. The visit included comprehensive briefings on the security environment, the preparedness of key operational formations and the extensive nation-building initiatives being undertaken by the Indian Army and the Assam Rifles.

During the visit, the Army Chief received a detailed briefing on the prevailing security scenario in Manipur, where the Indian Army and the Assam Rifles continue to work closely with civil authorities and other security agencies to ensure peace and maintain a stable security environment. The review focused on operational developments, deployment readiness and measures being undertaken to address evolving security challenges in the region.

General Dhiraj Seth was also briefed on the operational preparedness of the Inspector General Assam Rifles (South), Inspector General Assam Rifles (East) and the Red Shield Division. The presentations highlighted the formations’ state of readiness, ongoing operational commitments and their sustained efforts to maintain a high level of combat capability while responding effectively to dynamic security requirements.

The Army Chief reviewed the operational capabilities of the formations and appreciated their commitment to maintaining constant vigilance along sensitive areas. He noted that the evolving nature of security threats requires military formations to remain adaptable, technologically proficient and fully prepared to respond swiftly to any contingency.

A key aspect of the visit was the review of the extensive nation-building initiatives being undertaken by the Red Shield Division and the Directorate General Assam Rifles to promote peace, stability and socio-economic development across the region. These initiatives, carried out alongside operational responsibilities, reflect the Indian Army’s people-centric approach to strengthening trust and fostering long-term stability in the Northeast.

The nation-building programmes include community outreach activities, infrastructure support, educational assistance, medical camps, skill development initiatives and projects aimed at improving the quality of life in remote and border areas. Such efforts have played a significant role in strengthening civil-military relations and supporting the government’s broader developmental objectives in the region.

The Assam Rifles, often referred to as the “Sentinels of the Northeast,” continues to play a crucial role in safeguarding the India-Myanmar border while conducting counter-insurgency operations and supporting civil administration across the Northeastern states. Working under the operational control of the Indian Army, the force remains instrumental in maintaining internal security and facilitating peace-building efforts.

General Dhiraj Seth also interacted with officers, junior leaders and troops deployed in the area, appreciating their dedication, professionalism and unwavering commitment to duty. He acknowledged the challenging operational environment in which they serve and commended their resilience in maintaining operational effectiveness while contributing to peace and stability in the region.

Addressing the troops, the Army Chief exhorted all ranks to remain vigilant, operationally agile and future-ready to effectively tackle emerging security challenges. He emphasised that modern military operations demand continuous learning, technological adaptation and a high degree of operational flexibility to successfully respond to rapidly evolving threats.

General Dhiraj Seth encouraged the troops to continue maintaining the highest standards of military professionalism while embracing innovation and technological advancements as part of the Indian Army’s ongoing transformation. He observed that a technologically empowered and well-trained force remains essential for preserving operational superiority in the increasingly complex security landscape.

The Army Chief further stressed that operational success depends not only on combat preparedness but also on the confidence and trust developed with local communities through sustained outreach and nation-building efforts. He praised the formations for balancing their operational responsibilities with developmental initiatives that contribute to lasting peace and stability across the region.

The visit underscores the Indian Army’s continued focus on strengthening operational preparedness while fostering a secure and peaceful environment in the Northeast through close coordination with the Assam Rifles, civil administration and other stakeholders. Regular reviews by the Army Chief provide strategic guidance and reinforce the Army’s commitment to maintaining the highest levels of readiness across all operational formations.

General Dhiraj Seth’s interaction with the troops and review of operational and developmental initiatives reaffirm the Indian Army’s vision of building a modern, agile and future-ready force capable of addressing both traditional and emerging security challenges. Through operational excellence, technological modernisation and people-centric initiatives, the Army and the Assam Rifles continue to play a pivotal role in safeguarding national security while supporting peace, stability and development in the Northeastern region.",SSBCrack,https://www.ssbcrack.com/2026/07/army-chief-general-dhiraj-seth-reviews-security-situation-in-manipur-operational-preparedness-of-assam-rifles-and-red-shield-division.html,"07/29/2026, 07:00 AM, +0000 UTC",Security & Strategic Affairs,"Through operational excellence, technological modernisation and people-centric initiatives, the Army and the Assam Rifles continue to play a pivotal role in safeguarding national security while supporting peace, stability and development in the Northeastern region.","Chief of the Army Staff (COAS) General Dhiraj Seth reviewed the prevailing security situation in Manipur during his ongoing visit to Spear Corps, reaffirming the Indian Army’s commitment to maintaining peace, stability and operational readiness in the strategically significant Northeastern region. General Dhiraj Seth encouraged the troops to continue maintaining the highest standards of military professionalism while embracing innovation and technological advancements as part of the Indian Army’s ongoing transformation. The visit underscores the Indian Army’s continued focus on strengthening operational preparedness while fostering a secure and peaceful environment in the Northeast through close coordination with the Assam Rifles, civil administration and other stakeholders. Through operational excellence, technological modernisation and people-centric initiatives, the Army and the Assam Rifles continue to play a pivotal role in safeguarding national security while supporting peace, stability and development in the Northeastern region.",General Dhiraj Seth encouraged the troops to continue maintaining the highest standards of military professionalism while embracing innovation and technological advancements as part of the Indian Army’s ongoing transformation.,"Chief of the Army Staff (COAS) General Dhiraj Seth reviewed the prevailing security situation in Manipur during his ongoing visit to Spear Corps, reaffirming the Indian Army’s commitment to maintaining peace, stability and operational readiness in the strategically significant Northeastern region. General Dhiraj Seth encouraged the troops to continue maintaining the highest standards of military professionalism while embracing innovation and technological advancements as part of the Indian Army’s ongoing","transformation. The visit underscores the Indian Army’s continued focus on strengthening operational preparedness while fostering a secure and peaceful environment in the Northeast through close coordination with the Assam Rifles, civil administration and other stakeholders. Through operational excellence, technological modernisation and people-centric initiatives, the Army and the Assam Rifles continue to play a pivotal role in safeguarding national security while supporting peace, stability and development in the Northeastern region.",https://media.ssbcrack.com/2026/07/General-Dhiraj-Seth-Interacting.webp
Army Chief Reviews Peace Initiatives in Manipur,"New Delhi: Indian Army Chief General Dhiraj Seth reviewed the security situation in the north-east during a two-day visit to formations under the Eastern Theatre.

During the visit on July 28 and 29, he assessed the prevailing security situation, operational preparedness and ongoing initiatives aimed at promoting peace, stability and development in the region. He was also briefed on ongoing flood relief operations.

In Manipur, the Army Chief reviewed the security situation and operational preparedness of the Inspector General Assam Rifles (South), Inspector General Assam Rifles (East) and the Red Shield Division. He examined coordinated efforts of the Indian Army and Assam Rifles to maintain stability in the state. He also reviewed nation-building and community outreach initiatives undertaken by the formations and interacted with troops, commending their professionalism and commitment under challenging conditions.

He attended the opening ceremony of the Imphal leg of the 135th Indian Oil Durand Cup at Khuman Lampak Main Stadium. The event was attended by Manipur Governor Ajay Kumar Bhalla, Chief Minister Yumnam K. Singh and other senior civil and military officials.

The visit concluded with a review of Dao Division and Spearhead Division, where he was briefed on the operational environment, preparedness and flood relief measures. He urged all ranks to continue supporting the civil administration.

“The visit underscored the Indian Army’s commitment to maintaining operational readiness, promoting peace, stability and aid to the civil authorities across the North East,” the Army said.",Deccan Chronicle,https://www.deccanchronicle.com/nation/army-chief-reviews-peace-initiatives-in-manipur-1974983,"07/29/2026, 07:00 AM, +0000 UTC",Security & Strategic Affairs,"During the visit on July 28 and 29, he assessed the prevailing security situation, operational preparedness and ongoing initiatives aimed at promoting peace, stability and development in the region.","New Delhi: Indian Army Chief General Dhiraj Seth reviewed the security situation in the north-east during a two-day visit to formations under the Eastern Theatre. During the visit on July 28 and 29, he assessed the prevailing security situation, operational preparedness and ongoing initiatives aimed at promoting peace, stability and development in the region. In Manipur, the Army Chief reviewed the security situation and operational preparedness of the Inspector General Assam Rifles (South), Inspector General Assam Rifles (East) and the Red Shield Division. He attended the opening ceremony of the Imphal leg of the 135th Indian Oil Durand Cup at Khuman Lampak Main Stadium.",He attended the opening ceremony of the Imphal leg of the 135th Indian Oil Durand Cup at Khuman Lampak Main Stadium.,"New Delhi: Indian Army Chief General Dhiraj Seth reviewed the security situation in the north-east during a two-day visit to formations under the Eastern Theatre. During the visit on July 28 and 29, he assessed the prevailing security situation, operational preparedness and ongoing initiatives aimed at promoting peace, stability and development in","the region. In Manipur, the Army Chief reviewed the security situation and operational preparedness of the Inspector General Assam Rifles (South), Inspector General Assam Rifles (East) and the Red Shield Division. He attended the opening ceremony of the Imphal leg of the 135th Indian Oil Durand Cup at Khuman Lampak Main Stadium.",https://www.deccanchronicle.com/h-upload/2026/07/29/2070024-aa-7851117.webp
"Multilateral joint military exercise in Meghalaya focuses on counter-insurgency, building trust","Armies of 13 countries came together in Meghalaya's Umroi for the maiden multilateral military exercise 'Pragati 2026', which concluded on Saturday (May 30, 2026) with a focus on countering insurgency and building mutual trust among the nations in the Indian Ocean region, officials said.

Over 400 soldiers, including around 20 women, from Bhutan, Cambodia, Indonesia, Laos, Malaysia, Maldives, Myanmar, Nepal, Philippines, Seychelles, Sri Lanka, Vietnam and India slithered down from helicopters, detected improvised explosive devices (IEDs) along routes and climbed down rocky walls during the two-week exercise, they said.

Detailed discussions on how to incorporate niche technologies and the effect of these on the tactics, techniques and procedures (TTPs) were held during the two-week-long programme.

""Pragati was a mega exercise in the serene environment of Umroi in Meghalaya. We conducted various specialised drills and procedures, including rock craft, special heliborne operations, tactical situations,"" said Brigadier Mayur Shekatkar, the chief coordinator for the programme.

Director of the exercise, Col. Sandeep Poonia, said Pragati stands for 'Partnership of Regional Armies for Growth and Transformation in the Indian Ocean Region'.

""The aim is to create synergy, interoperability, and enhance mutual trust among the friendly foreign nations. The last two weeks we trained together, during which focus was on counter-insurgency operations based in semi-mountainous and jungle terrain,"" he said.

Mr. Shekatkar emphasised that it provided a platform for building friendship and camaraderie among the participating nations, with the personnel coming closer by engaging themselves in sports and games as well as cultural activities.

The routine also enabled them to experience the calmness of Yoga, he added.

""We hope to achieve the objectives of enhancing interoperability, building mutual trust and each other's capacities through the sharing of best practises. There is also the aspect of everlasting bonds of friendships, with the one objective of ensuring a stable and secure region,"" the brigadier said.

Col. Sandeep Poonia said, ""Detailed discussions were held on how to incorporate the latest and niche technology, and what the effect of these on our operations in the TTPs (tactics, technology and procedures."" The exercise also provided an opportunity for sharing key best practices in the engineering field.

""As part of the exercise, we have trained in tactical environments wherein key engineering tasks were done, and best practices were shared. For instance, counter IED drills were undertaken in a simulated combat environment,"" Major Susmita S Variar, engineering representative in the exercise, said.

She added that operating in mixed groups with personnel from foreign nations has given valuable exposure to different tactical drills, equipment and operating procedures, which will enhance coordination. The participating foreign nations expressed gratitude to the Indian Army for hosting such an exercise.

Lt. Col. Sangay Jantsho of the Royal Bhutan Army said, ""We thank the Indian Army for organising this exercise, which has been a successful one. It has been an opportunity for us to interact with troops of other nations, learn and share our experience and expertise in counter-insurgency."" He said it was a valuable exposure to operating alongside different countries.

Lt. Col. Louis Agathine harped on the historical ties between his country Seychelles and India, and said such exercises will enhance friendship across the Indian Ocean region. ""We are happy to exchange ideas, and we will put into practice what we learned,"" he said.

Echoing their thoughts, Staff Sergeant Mary Simongo of the Philippines said, ""We express our sincere thanks to the Indian Army for this exercise. We gained valuable knowledge and ideas, which we will take home.""",The Hindu,https://www.thehindu.com/news/national/meghalaya/multilateral-joint-military-exercise-in-meghalaya-focuses-on-counter-insurgency-building-trust/article71040444.ece,"05/30/2026, 07:00 AM, +0000 UTC",Security & Strategic Affairs,"Armies of 13 countries came together in Meghalaya's Umroi for the maiden multilateral military exercise 'Pragati 2026', which concluded on Saturday (May 30, 2026) with a focus on countering insurgency and building mutual trust among the nations in the Indian Ocean region, officials said.","Armies of 13 countries came together in Meghalaya's Umroi for the maiden multilateral military exercise 'Pragati 2026', which concluded on Saturday (May 30, 2026) with a focus on countering insurgency and building mutual trust among the nations in the Indian Ocean region, officials said. Director of the exercise, Col. Sandeep Poonia, said Pragati stands for 'Partnership of Regional Armies for Growth and Transformation in the Indian Ocean Region'. She added that operating in mixed groups with personnel from foreign nations has given valuable exposure to different tactical drills, equipment and operating procedures, which will enhance coordination. The participating foreign nations expressed gratitude to the Indian Army for hosting such an exercise.","Director of the exercise, Col. Sandeep Poonia, said Pragati stands for 'Partnership of Regional Armies for Growth and Transformation in the Indian Ocean Region'.","Armies of 13 countries came together in Meghalaya's Umroi for the maiden multilateral military exercise 'Pragati 2026', which concluded on Saturday (May 30, 2026) with a focus on countering insurgency and building mutual trust among the nations in the Indian Ocean region, officials said. Director of the exercise, Col. Sandeep Poonia, said Pragati stands for","'Partnership of Regional Armies for Growth and Transformation in the Indian Ocean Region'. She added that operating in mixed groups with personnel from foreign nations has given valuable exposure to different tactical drills, equipment and operating procedures, which will enhance coordination. The participating foreign nations expressed gratitude to the Indian Army for hosting such an exercise.",https://themeghalayanexpress.com/wp-content/uploads/2026/05/PTI05_20_2026_000327B-scaled.jpg
Fake Indian Army Vehicle Busted in Manipur With 15.35 Kg Opium,"In a significant anti-narcotics operation conducted on Sunday morning, joint security forces in Senapati district, Manipur, intercepted a Toyota Innova vehicle bearing fake Indian Army insignia and seized 15.35 kilograms of suspected opium concealed in a specially fabricated compartment. The driver, Tarkeshwar Singh (45), son of Rajdeo Singh and a resident of Hijuguri Gaon in Tinsukia district (Margherita area), Assam, was arrested at the scene.

The seizure took place around 9:00 a.m. during routine frisking and checking at the T. Khullen (also referred to as T. Khellen) check-post. A joint team comprising the Special Operations Team (SOT) of Senapati Police, D-78 CRPF, B-109 Quick Action Team (QAT) CRPF, and 16 Assam Rifles carried out the operation under the supervision of Senapati Superintendent of Police Zaib Shaikh, IPS. The arrest was formalised in the presence of an Executive Magistrate.

Vehicle Disguised with Military Markings

The vehicle, bearing Assam registration number AS23AK5541, was travelling without any escort or official accompaniment despite displaying prominent military identifiers. It was fitted with a VIP flag post and insignia resembling that of an Army Brigadier, including a one-star plate. A reversible nameplate found inside the vehicle read “ARMY” on one side and “MINISTRY OF DEFENCE” on the other.

Security personnel grew suspicious upon noticing the vehicle’s military-style markings without corresponding official support or documentation. Preliminary verification confirmed that neither the vehicle nor the driver had any affiliation with the Indian Army. The markings and nameplate appear to have been used deliberately to project an impression of official status and thereby evade scrutiny at checkpoints.

Concealment and Recovery of Contraband

During a thorough search, officers discovered 17 packets of suspected opium, weighing approximately 15.35 kg (including plastic packaging), hidden in a specially built compartment beneath the vehicle body near the rear right door. Additional items seized included two mobile phones, a black wallet containing ₹5,000 in cash, one PAN card, one Voter Identity Card, the vehicle itself along with its keys, and the fraudulent nameplate.

Legal Action and Ongoing Investigation

A case has been registered at Senapati Police Station under relevant provisions of the Narcotic Drugs and Psychotropic Substances (NDPS) Act and the Bharatiya Nyaya Sanhita (BNS). Further investigation is underway to determine the source and intended destination of the contraband, as well as to identify any broader smuggling network involved.

Context and Significance

The incident highlights persistent challenges in Manipur’s Senapati district, an area that has witnessed multiple drug seizures in recent months amid the state’s broader issues with narcotics trafficking linked to its proximity to international borders. The use of fake military insignia to facilitate the movement of contraband represents a calculated attempt to exploit the authority and respect associated with the armed forces. Such impersonation not only undermines security protocols but also tarnishes the image of the Indian Army.

Security forces in the region continue to maintain heightened vigilance through joint operations involving state police and central paramilitary units. This latest seizure underscores the effectiveness of coordinated checking mechanisms in disrupting smuggling attempts, even when perpetrators employ deceptive tactics.

The arrested individual remains in custody as investigations proceed. Authorities have not ruled out the possibility of further arrests linked to the supply chain.",SSBCrack,https://www.ssbcrack.com/2026/06/fake-indian-army-vehicle-busted-in-manipur-with-15-35-kg-opium.html,"06/14/2026, 07:00 AM, +0000 UTC",Security & Strategic Affairs,"In a significant anti-narcotics operation conducted on Sunday morning, joint security forces in Senapati district, Manipur, intercepted a Toyota Innova vehicle bearing fake Indian Army insignia and seized 15.35 kilograms of suspected opium concealed in a specially fabricated compartment.","In a significant anti-narcotics operation conducted on Sunday morning, joint security forces in Senapati district, Manipur, intercepted a Toyota Innova vehicle bearing fake Indian Army insignia and seized 15.35 kilograms of suspected opium concealed in a specially fabricated compartment. Vehicle Disguised with Military Markings Further investigation is underway to determine the source and intended destination of the contraband, as well as to identify any broader smuggling network involved. The use of fake military insignia to facilitate the movement of contraband represents a calculated attempt to exploit the authority and respect associated with the armed forces.",Vehicle Disguised with Military Markings,"In a significant anti-narcotics operation conducted on Sunday morning, joint security forces in Senapati district, Manipur, intercepted a Toyota Innova vehicle bearing fake Indian Army insignia and seized 15.35 kilograms of suspected opium concealed in a specially fabricated compartment. Vehicle Disguised with Military Markings Further investigation is","underway to determine the source and intended destination of the contraband, as well as to identify any broader smuggling network involved. The use of fake military insignia to facilitate the movement of contraband represents a calculated attempt to exploit the authority and respect associated with the armed forces.",https://media.ssbcrack.com/2026/06/Fake-Army-Vehicle-Busted-in-Manipur-With-15.35-Kg-Opium-3.webp
Lieutenant Colonel Maneo Francis PF of 21 Para (SF) Awarded Kirti Chakra for Gallantry in Manipur Counter-Insurgency Operation,"New Delhi / Imphal: Lieutenant Colonel Maneo Francis PF, SC, an officer of the elite 21st Battalion, The Parachute Regiment (Special Forces), has been awarded the Kirti Chakra, India’s second-highest peacetime gallantry award, for displaying exceptional courage, tactical brilliance and leadership during a high-risk counter-insurgency operation in Manipur.

President Droupadi Murmu approved the award on 14 August 2026 as part of 78 gallantry decorations announced on the eve of the 80th Independence Day. Lt Col Francis is one of only three Indian Army personnel selected for the Kirti Chakra this cycle (one of them posthumous). The citation specifically recognises his role in eliminating two heavily armed insurgents in close combat after prolonged intelligence development and surveillance.

Background and Profile

Lieutenant Colonel Maneo Francis PF hails from Tadubi village in Senapati district of Manipur. Commissioned into the Indian Army in June 2012 after graduating from the Indian Military Academy, Dehradun, he was posted to 21 Para (Special Forces), one of the Army’s premier special forces units specialising in airborne operations, jungle warfare, counter-terrorism and direct-action missions.

His deep roots in the region have been repeatedly noted as an operational asset, giving him an intimate understanding of the local terrain, communities and the complex dynamics of insurgency in Manipur. He has served as Assault Team Commander of his unit and has been operating extensively in the state since at least 2022.

Francis is already a recipient of the Shaurya Chakra, awarded for a daring operation conducted on 4–5 January 2023. In that action, acting on intelligence of a planned sabotage targeting a VIP, he laid an ambush near a border pillar, outflanked a group of heavily armed insurgents under fire, eliminated a self-styled Major (a commander linked to earlier attacks on Assam Rifles), and injured another while ensuring the safety of his team. The Shaurya Chakra was conferred by the President at Rashtrapati Bhavan in 2024. He was later felicitated by the Government of Manipur at Raj Bhavan, Imphal, in October 2025.

The Kirti Chakra Operation (29 October – 4 November 2025)

According to the official citation released by the Ministry of Defence, Lt Col Francis, as Assault Team Commander, “swiftly established a highly coordinated intelligence network to systematically dismantle anti-national elements fueling violence and division in Manipur.”

After several months of sustained intelligence development focused on a high-profile violent insurgent group, and following specialised target-specific training of his team, he launched a coordinated operation to raid and dismantle the group’s hideout.

The team conducted seven days of protracted and intense surveillance. When the assault group finally approached the hideout and called upon the insurgents to surrender peacefully, the militants responded with heavy automatic fire.

Lt Col Francis then manoeuvred his assault group from the northern side of the hideout and successfully eliminated one sentry. Subsequently, he outflanked a second insurgent who had pinned down the entire assault group. Displaying utter disregard for personal safety, the officer crawled under intense fire and eliminated the militant in close-quarter combat using superior combat skills.

The citation concludes: “For displaying resolute leadership, superior tactical acumen, the raw courage under fire in eliminating two heavily armed insurgents, meticulous planning, gallant and selfless acts, Lieutenant Colonel Maneo Francis PF, SC is recommended for the award of ‘Kirti Chakra’.” The effective date of the award is listed as 29 October 2025.

Broader Context of the Awards

The Kirti Chakra is second only to the Ashoka Chakra among peacetime gallantry awards. Of the nine Kirti Chakras approved this year, seven were posthumous. The other two Army recipients were Major Jitendra Rathee of 2 Para (SF) and Havildar Gajendra Singh of 2 Para (SF) (posthumous), both recognised for operations in the Kishtwar sector of Jammu and Kashmir.

The full list of 78 awards also included 19 Shaurya Chakras, five Bars to Sena Medal (Gallantry), 36 Sena Medals (Gallantry), and decorations for Navy and Air Force personnel. Thirteen awards overall were conferred posthumously.

Significance

Lt Col Francis’s recognition marks a rare double gallantry honour for an officer from Manipur’s Senapati district. His earlier Shaurya Chakra and now the Kirti Chakra underline consistent performance in one of the most complex internal security environments in the country. Both operations involved meticulous intelligence work, prolonged surveillance, and personal leadership under fire against well-armed insurgent elements.

As a local officer serving in his home state with 21 Para (SF), Francis represents the continuum of professional excellence that Special Forces units bring to counter-insurgency and counter-terrorism roles in the Northeast. His actions are being widely noted within defence circles as an example of the combination of human intelligence, tactical patience and individual courage that characterises successful special operations.

The awards will be formally presented in due course at investiture ceremonies.",SSBCrack,https://www.ssbcrack.com/2026/08/lieutenant-colonel-maneo-francis-pf-of-21-para-sf-awarded-kirti-chakra-for-gallantry-in-manipur-counter-insurgency-operation.html,"08/15/2026, 07:00 AM, +0000 UTC",Security & Strategic Affairs,"The citation concludes: “For displaying resolute leadership, superior tactical acumen, the raw courage under fire in eliminating two heavily armed insurgents, meticulous planning, gallant and selfless acts, Lieutenant Colonel Maneo Francis PF, SC is recommended for the award of ‘Kirti Chakra’.” The effective date of the award is listed as 29 October 2025.","New Delhi / Imphal: Lieutenant Colonel Maneo Francis PF, SC, an officer of the elite 21st Battalion, The Parachute Regiment (Special Forces), has been awarded the Kirti Chakra, India’s second-highest peacetime gallantry award, for displaying exceptional courage, tactical brilliance and leadership during a high-risk counter-insurgency operation in Manipur. Lt Col Francis is one of only three Indian Army personnel selected for the Kirti Chakra this cycle (one of them posthumous). Francis is already a recipient of the Shaurya Chakra, awarded for a daring operation conducted on 4–5 January 2023. The citation concludes: “For displaying resolute leadership, superior tactical acumen, the raw courage under fire in eliminating two heavily armed insurgents, meticulous planning, gallant and selfless acts, Lieutenant Colonel Maneo Francis PF, SC is recommended for the award of ‘Kirti Chakra’.” The effective date of the award is listed as 29 October 2025.","New Delhi / Imphal: Lieutenant Colonel Maneo Francis PF, SC, an officer of the elite 21st Battalion, The Parachute Regiment (Special Forces), has been awarded the Kirti Chakra, India’s second-highest peacetime gallantry award, for displaying exceptional courage, tactical brilliance and leadership during a high-risk counter-insurgency operation in Manipur.","New Delhi / Imphal: Lieutenant Colonel Maneo Francis PF, SC, an officer of the elite 21st Battalion, The Parachute Regiment (Special Forces), has been awarded the Kirti Chakra, India’s second-highest peacetime gallantry award, for displaying exceptional courage, tactical brilliance and leadership during a high-risk counter-insurgency operation in Manipur. Lt Col Francis is one of only three Indian Army personnel selected for the Kirti Chakra this cycle (one of them posthumous). Francis","is already a recipient of the Shaurya Chakra, awarded for a daring operation conducted on 4–5 January 2023. The citation concludes: “For displaying resolute leadership, superior tactical acumen, the raw courage under fire in eliminating two heavily armed insurgents, meticulous planning, gallant and selfless acts, Lieutenant Colonel Maneo Francis PF, SC is recommended for the award of ‘Kirti Chakra’.” The effective date of the award is listed as 29 October 2025.",No image found
Indian Army chief General Dhiraj Seth reviews battle readiness in northeast as new combat formations take shape along China front,"Gen Dhiraj Seth along with senior army officials in northeast. (Photo: Indian Army)

New Delhi: Barely a fortnight after the Indian Army formally raised its first batch of integrated battle groups (IBGs) along the border with China, the Army chief, General Dhiraj Seth, has spent three days touring forward formations in the north-east to take stock of operational preparedness in the region.

Seth, who took over as the 31st chief of the Army Staff on July 1 – succeeding General Upendra Dwivedi and becoming the first officer from the Armoured Corps to head the force since General Shankar Roychowdhury in the mid-1990s – visited units under the 4 Corps in western Arunachal Pradesh on Thursday, covering the sensitive Tawang-Kameng sector.

The visit followed stops over the preceding two days at the 33 Corps, which looks after the Sikkim sector, and the 3 Corps, responsible for operations in the far-eastern reaches of Arunachal Pradesh as well as along the border with Myanmar.

The tour comes close on the heels of the government's sanction letter of July 1 formally setting in motion the raising of five IBGs under the Mountain Strike Corps – compact, self-contained combat formations that the Army has been trying to operationalize for nearly a decade. The formations, to be based in Sikkim and Arunachal Pradesh, both of which border China, are expected to be fully operational by mid-2027.

What the chief was told?

At each stop, Seth was briefed on the security situation, operational readiness and the pace of capability development by formations of the Eastern Command.

In western Arunachal Pradesh, commanders walked him through the 4 Corps' approach to absorbing emerging technologies to sharpen combat capability, and he asked them to keep formations prepared to meet security challenges across what the Army now describes as a “multi-domain environment” – a reference to warfare that spans land, air, cyber and information space simultaneously.

In Sikkim, the 33 Corps commander apprised him of operational deployments, the surveillance architecture in place along the frontier and the current security dynamics in the sector.

At the 3 Corps, the briefing touched on the evolving operational environment, coordination between different security agencies and steps being taken to further sharpen combat readiness. Seth also reviewed outreach programmes run by local formations aimed at building peace, stability and development across the north-east, an area where the Army has long run civic-action initiatives alongside its security role.

Addressing commanders and troops during the visit, Seth outlined what he called his “VIJAY” vision for the force – standing for vigilance, innovation, jointness, Aatmanirbharta (self-reliance) and “Yodha First”, or putting the soldier first.

He said the five principles were meant to keep the Army agile, adaptive and future-ready while feeding into the government's broader Viksit Bharat 2047 vision of a developed India by the hundredth year of independence.

The battle groups behind the visit

The IBGs at the centre of the current reorganization are a long-pending idea, first mooted under the late General Bipin Rawat when he headed the Army roughly a decade ago, and tested in patches – including along the border with Pakistan in 2019 and during the Eastern Command's Exercise HimVijay – before finally being sanctioned this year.

Each formation folds infantry, armour, artillery, engineers, signals, air defence and logistics into a single command, with the explicit aim of cutting reaction time and reducing dependence on larger parent formations.

Where a standard Army brigade musters around 3,000 to 3,500 troops and a division runs to 10,000-12,000, an IBG is designed to sit in between at roughly 5,000 personnel, each commanded by an officer of Major General rank. Five such officers have already been posted to head the new formations, and a dedicated fire support group – built around long-range artillery, reportedly including the Army's Divyastra rocket systems – will back them with firepower that the individual battle groups themselves would not carry.

The Mountain Strike Corps, formally the 17 Corps and headquartered at Panagarh in West Bengal, has two divisions under its charge – one earmarked for the Ladakh sector and the other for the north-east.

The current phase of IBG-isation covers only the north-eastern formations, under the 59 Division at Panagarh and the 23 Division at Ranchi, with the Ladakh-facing division expected to follow once the model is validated.

The push forms part of a wider effort, accelerated in the years since the 2020 stand-off with China in eastern Ladakh and given further impetus following Operation Sindoor, to make the Army leaner, faster and less reliant on the sprawling corps-level structures it inherited from the colonial era.

Dwivedi had told reporters at his annual press conference in January that the government had cleared 31 sanction letters for organizational changes over the preceding 14-15 months, of which the IBG restructuring of the 17 Corps was the most significant.",India Sentinels,https://www.indiasentinels.com/army/indian-army-chief-general-dhiraj-seth-reviews-battle-readiness-in-northeast-as-new-combat-formations-take-shape-along-china-front-7527,"07/17/2026, 07:00 AM, +0000 UTC",Security & Strategic Affairs,"New Delhi: Barely a fortnight after the Indian Army formally raised its first batch of integrated battle groups (IBGs) along the border with China, the Army chief, General Dhiraj Seth, has spent three days touring forward formations in the north-east to take stock of operational preparedness in the region.","New Delhi: Barely a fortnight after the Indian Army formally raised its first batch of integrated battle groups (IBGs) along the border with China, the Army chief, General Dhiraj Seth, has spent three days touring forward formations in the north-east to take stock of operational preparedness in the region. The visit followed stops over the preceding two days at the 33 Corps, which looks after the Sikkim sector, and the 3 Corps, responsible for operations in the far-eastern reaches of Arunachal Pradesh as well as along the border with Myanmar. At each stop, Seth was briefed on the security situation, operational readiness and the pace of capability development by formations of the Eastern Command. The Mountain Strike Corps, formally the 17 Corps and headquartered at Panagarh in West Bengal, has two divisions under its charge – one earmarked for the Ladakh sector and the other for the north-east.","The visit followed stops over the preceding two days at the 33 Corps, which looks after the Sikkim sector, and the 3 Corps, responsible for operations in the far-eastern reaches of Arunachal Pradesh as well as along the border with Myanmar.","New Delhi: Barely a fortnight after the Indian Army formally raised its first batch of integrated battle groups (IBGs) along the border with China, the Army chief, General Dhiraj Seth, has spent three days touring forward formations in the north-east to take stock of operational preparedness in the region. The visit followed stops over the preceding two days at the 33 Corps, which looks after the Sikkim sector, and the 3 Corps, responsible for","operations in the far-eastern reaches of Arunachal Pradesh as well as along the border with Myanmar. At each stop, Seth was briefed on the security situation, operational readiness and the pace of capability development by formations of the Eastern Command. The Mountain Strike Corps, formally the 17 Corps and headquartered at Panagarh in West Bengal, has two divisions under its charge – one earmarked for the Ladakh sector and the other for the north-east.",https://www.indiasentinels.com/post_uploads/bbe47ddc24c519ed6f98a3bcf2c9771f9722403a.jpeg
Indian Army swiftly neutralises UXOs following standoff attack in Assam,"Live Events



as a Reliable and Trusted News Source Addas a Reliable and Trusted News Source Add Now!

(You can now subscribe to our

(You can now subscribe to our Economic Times WhatsApp channel

Jagun, Tinsukia, In the early hours of Sunday, a standoff attack by ULFA(I) was reported at approximately 0200 hours near an Assam Police Commando camp at Jagun, Tinsukia district, Assam. The incident left behind unexploded ordnance, including RPG and UBGL rounds, posing a serious threat to the local population.According to a release, responding promptly, Red Shield Sappers, in coordination with Assam Rifles, mobilised a Bomb Disposal team to the site. The area was swiftly cordoned off, and all safety protocols were meticulously enforced to ensure full control of the situation.The unexploded ordnance was subsequently neutralised in a controlled manner at a secure location away from civilian habitation, eliminating any risk to life and property. The operation was carried out with a high degree of professionalism, precision and adherence to established procedures, a release said.The swift and coordinated response ensured the safety of the local populace and prevented any collateral damage. The Indian Army remains committed to maintaining peace, security and stability in the region and continues to remain vigilant against emerging threats, a release added.Meanwhile, during a visit to Haflong on Sunday to support candidate Rupali Langthasa, Assam Chief Minister Himanta Biswa Sarma condemned the recent ""unfortunate"" incident in Tinsukia, noting that a joint Army-Police operation is underway to catch the perpetrators.He also stated that the peace and development achieved in the Dima Hasao region under BJP rule.At least four Assam police personnel were injured following an attack carried out by suspected militants of the United Liberation Front of Assam (I) in the State's Tinsukia district, officials saidRegarding the incident in Tinsukia, Assam CM said, ""This is highly condemnable. The Army and the Police have launched a counter-insurgency operation. I think those who have done this will certainly be nabbed.""",economictimes.com,https://m.economictimes.com/news/defence/indian-army-swiftly-neutralises-uxos-following-standoff-attack-in-assam/articleshow/129742838.cms,"03/23/2026, 07:00 AM, +0000 UTC",Security & Strategic Affairs,"The operation was carried out with a high degree of professionalism, precision and adherence to established procedures, a release said.The swift and coordinated response ensured the safety of the local populace and prevented any collateral damage.","Live Events as a Reliable and Trusted News Source Addas a Reliable and Trusted News Source Add Now! The operation was carried out with a high degree of professionalism, precision and adherence to established procedures, a release said.The swift and coordinated response ensured the safety of the local populace and prevented any collateral damage. The Indian Army remains committed to maintaining peace, security and stability in the region and continues to remain vigilant against emerging threats, a release added.Meanwhile, during a visit to Haflong on Sunday to support candidate Rupali Langthasa, Assam Chief Minister Himanta Biswa Sarma condemned the recent ""unfortunate"" incident in Tinsukia, noting that a joint Army-Police operation is underway to catch the perpetrators.He also stated that the peace and development achieved in the Dima Hasao region under BJP rule.At least four Assam police personnel were injured following an attack carried out by suspected militants of the United Liberation Front of Assam (I) in the State's Tinsukia district, officials saidRegarding the incident in Tinsukia, Assam CM said, ""This is highly condemnable.",as a Reliable and Trusted News Source Addas a Reliable and Trusted News Source Add Now!,"Live Events as a Reliable and Trusted News Source Addas a Reliable and Trusted News Source Add Now! The operation was carried out with a high degree of professionalism, precision and adherence to established procedures, a release said.The swift and coordinated response ensured the safety of the local populace and prevented any collateral damage. The Indian Army remains committed to maintaining peace, security and stability in the region and continues to remain vigilant against emerging threats, a release added.Meanwhile, during a visit to Haflong on Sunday","to support candidate Rupali Langthasa, Assam Chief Minister Himanta Biswa Sarma condemned the recent ""unfortunate"" incident in Tinsukia, noting that a joint Army-Police operation is underway to catch the perpetrators.He also stated that the peace and development achieved in the Dima Hasao region under BJP rule.At least four Assam police personnel were injured following an attack carried out by suspected militants of the United Liberation Front of Assam (I) in the State's Tinsukia district, officials saidRegarding the incident in Tinsukia, Assam CM said, ""This is highly condemnable.","https://m.economictimes.com/thumb/msid-129742847,width-1200,height-900,resizemode-4,imgsize-290530/indian-army-swiftly-neutralises-uxos-following-standoff-attack-in-assam.jpg"
Dogs of War: K9 units of Indian Army conduct heliborne insertion drill in Manipur,"K9 dog slithering at Leimakhong milistray station (Photo: Defence PRO Kohima)

Kohima: Military working dogs and their handlers from the Red Shield Division of the Indian Army carried out a slithering exercise at the Leimakhong Military Station in Manipur on Friday. The K9s trained for rapid heliborne insertion in operationally demanding conditions.

Five K9 teams participated in the exercise, which focused on aerial deployment techniques, operational coordination and combat readiness – skills that are increasingly critical in counter-insurgency environments such as Manipur, where the army has maintained a significant presence for decades under the Armed Forces Special Powers Act.

Slithering, a technique in which personnel descend from a hovering helicopter on a rope, presents particular challenges when working with trained dogs.

Read also: Meet Captain Harshita Raghav – the officer leading the Indian Army’s animal warriors

Handlers must manage the animal's composure and coordination while executing the manoeuvre under simulated operational pressure, a task that demands extensive conditioning of both the dog and its handler.

The K9 units of the Indian Army are deployed across a range of missions, including search and rescue operations, explosive detection, disaster management response and the tracking and neutralization of militants in jungle and urban terrain.

In the northeast, where dense forest cover and difficult topography complicate ground operations, dog teams provide a distinct tactical advantage in locating hidden insurgents or improvised explosive devices.

The Red Shield Division, formally the 57 Mountain Division, is headquartered at Leimakhong and is one of the primary formations responsible for counter-insurgency operations in Manipur.

The station has long served as a hub for specialized training activities given its proximity to active operational zones.

“The exercise reflects a broader effort by the army to integrate its K9 assets more tightly with air assets, improving the speed and flexibility with which dog teams can be inserted into remote or inaccessible areas,” an Indian Army official said.

“Such integration is particularly relevant in Manipur's hill districts, where road access is limited and air mobility often determines operational outcomes.”

All About K9 Units of the Indian Army

The Indian Army's K9 units form a specialized corps of military working dogs and their handlers, trained for a wide range of operational and support roles.

Dogs are deployed for explosive detection, tracking of militants, search and rescue operations, disaster management and perimeter security at sensitive installations.

Read also: In a first, Indian Army’s Remount Veterinary Corps deploys 4 newly commissioned women officers in forward posts

The army primarily uses Belgian Malinois, German Shepherds and Labrador Retrievers, each breed selected for specific traits like Malinois for aggression and agility in combat tracking, Labradors for their acute sense of smell in explosive and narcotic detection, and German Shepherds as versatile all-rounders.

K9 units operate across conflict zones including Jammu and Kashmir and the northeast, where they provide a critical tactical edge in jungle warfare and counter-insurgency operations.

The Remount Veterinary Corps (RVC), one of the oldest arms of the Indian Army, is responsible for the training, breeding and care of military dogs.

Each handler and dog undergoes rigorous joint training, often forming bonds that last the dog's entire service life.



",India Sentinels,https://www.indiasentinels.com/army/dogs-of-war-k9-units-of-indian-army-conduct-heli-borne-insertion-drill-in-manipur-7332,"05/08/2026, 07:00 AM, +0000 UTC",Security & Strategic Affairs,"The Indian Army's K9 units form a specialized corps of military working dogs and their handlers, trained for a wide range of operational and support roles.","Kohima: Military working dogs and their handlers from the Red Shield Division of the Indian Army carried out a slithering exercise at the Leimakhong Military Station in Manipur on Friday. The K9 units of the Indian Army are deployed across a range of missions, including search and rescue operations, explosive detection, disaster management response and the tracking and neutralization of militants in jungle and urban terrain. The Indian Army's K9 units form a specialized corps of military working dogs and their handlers, trained for a wide range of operational and support roles. The Remount Veterinary Corps (RVC), one of the oldest arms of the Indian Army, is responsible for the training, breeding and care of military dogs.","The K9 units of the Indian Army are deployed across a range of missions, including search and rescue operations, explosive detection, disaster management response and the tracking and neutralization of militants in jungle and urban terrain.","Kohima: Military working dogs and their handlers from the Red Shield Division of the Indian Army carried out a slithering exercise at the Leimakhong Military Station in Manipur on Friday. The K9 units of the Indian Army are deployed across a range of missions, including search and rescue operations, explosive detection, disaster management response and the tracking and","neutralization of militants in jungle and urban terrain. The Indian Army's K9 units form a specialized corps of military working dogs and their handlers, trained for a wide range of operational and support roles. The Remount Veterinary Corps (RVC), one of the oldest arms of the Indian Army, is responsible for the training, breeding and care of military dogs.",https://www.indiasentinels.com/post_uploads/aef811d2f036a7cb2811409f16f7c6af6b086224.jpeg
"Army troops undertake route march at 17,000 feet in Sikkim","Troops of the Indian Army’s Trishakti Corps, headquartered in West Bengal’s Sukna, completed a route march with full battle loads across altitudes up to 17,000 feet in Sikkim.

The march, conducted over six days and nights through steep gradients, icy winds, and rugged tracks, tested the soldiers’ physical stamina, mental resilience, and collective spirit, a Ministry of Defence statement said on Tuesday (September 16, 2025).

“Each soldier carried his full operational load — weapons, equipment, and survival gear — replicating battlefield conditions in high-altitude areas. While the Army continues to integrate modern technology, drones, and smart logistics into its operations, such exercises remain indispensable,” the statement read.

Such exercises ensure that soldiers are prepared to operate even in situations where technology may be constrained, reaffirming the primacy of human endurance and adaptability.

“Technology enhances our capabilities, but it is the soldier’s grit and teamwork that ultimately win battles. This march reinforces confidence in our ability to fight and prevail in the harshest conditions,” Lt Gen Zubin A. Minwalla, the General Officer Commanding of Trishakti Corps, stated.

The completion of this march reflects the Trishakti warriors’ commitment to operational readiness and their role in safeguarding the nation’s frontiers in the Eastern Himalayas, he said.",The Hindu,https://www.thehindu.com/news/national/sikkim-army-trishakti-corps-march-route/article70056098.ece,"09/16/2025, 07:00 AM, +0000 UTC",Regional News & Incident Reports,"Troops of the Indian Army’s Trishakti Corps, headquartered in West Bengal’s Sukna, completed a route march with full battle loads across altitudes up to 17,000 feet in Sikkim.","Troops of the Indian Army’s Trishakti Corps, headquartered in West Bengal’s Sukna, completed a route march with full battle loads across altitudes up to 17,000 feet in Sikkim. The march, conducted over six days and nights through steep gradients, icy winds, and rugged tracks, tested the soldiers’ physical stamina, mental resilience, and collective spirit, a Ministry of Defence statement said on Tuesday (September 16, 2025). “Each soldier carried his full operational load — weapons, equipment, and survival gear — replicating battlefield conditions in high-altitude areas. While the Army continues to integrate modern technology, drones, and smart logistics into its operations, such exercises remain indispensable,” the statement read.","The march, conducted over six days and nights through steep gradients, icy winds, and rugged tracks, tested the soldiers’ physical stamina, mental resilience, and collective spirit, a Ministry of Defence statement said on Tuesday (September 16, 2025).","Troops of the Indian Army’s Trishakti Corps, headquartered in West Bengal’s Sukna, completed a route march with full battle loads across altitudes up to 17,000 feet in Sikkim. The march, conducted over six days and nights through steep gradients, icy winds, and rugged tracks, tested the soldiers’ physical stamina, mental resilience, and collective","spirit, a Ministry of Defence statement said on Tuesday (September 16, 2025). “Each soldier carried his full operational load — weapons, equipment, and survival gear — replicating battlefield conditions in high-altitude areas. While the Army continues to integrate modern technology, drones, and smart logistics into its operations, such exercises remain indispensable,” the statement read.",https://th-i.thgim.com/public/incoming/5z6m60/article70056353.ece/alternates/FREE_1200/Army%E2%80%99s%20Trishakti%20Corps.jpeg
"After ambushes, CRPF tells forces in Manipur to use armoured vehicles, avoid sudden deployment","In the wake of two ambushes on Assam Rifles personnel in Manipur and Nagaland, the Central Reserve Police Force (CRPF) units deployed in Manipur have been instructed to use only armoured vehicles for movement and to avoid sudden or unplanned deployments, a senior government official said on Thursday (July 16, 2026).

In June, the CRPF inducted two battalions of the Commando Battalion for Resolute Action (CoBRA), a specialised unit raised for anti-Maoist operations, in the northeastern State to step up operations against armed groups, dismantling of bunkers, and recovery of weapons.

At least 100 armoured vehicles have been sent to Manipur in the past two months, the official said.

The CRPF is the largest Central security force deployed in Manipur, with 200 companies comprising around 20,000 personnel. In addition to the CRPF, the State has around 100 Border Security Force companies, comprising approximately 10,000 personnel, and about 26,000 personnel from the Assam Rifles and the Indian Army deployed across the region.

The CoBRA battalions have been given pre-induction training in crowd management as the State often witnesses obstruction by locals, especially women, during security-related operations.

“We have advised the personnel to avoid any sudden movement for administrative or operational reasons. They have also been asked to take action against armed miscreants, anyone found with a gun is to be arrested or fired upon, if they do not surrender,” said the official.

As the ethnic conflict between the Kuki and Meitei people in Manipur has now expanded to tensions between Kukis and the Naga people, plans are afoot to deploy the CoBRA battalions in the hill districts of Churachandpur, Kangpokpi, and Ukhrul, another government official said. While Churachandpur and Kangpokpi are Kuki-Zo-dominated districts, Ukhrul is a Naga-majority area.

It was at Litan in Ukhrul on February 7 that tensions between the two communities escalated, said the official.

After President’s Rule was revoked in Manipur on February 4, Chief Minister Yumnam Khemchand Singh, representing the Meitei community, and two Deputy Chief Ministers – Nemcha Kipgen and Losii Dikho from the Kuki-Zo and the Naga community respectively – were sworn-in. Ms. Kipgen’s appointment was protested by members of her community who opposed her decision to join the government till justice was delivered to their people.

“The Kuki groups in Ukhrul announced a shutdown after Ms. Kipgen took oath and put up pickets to enforce the blockade. On February 7, at one such picket, some Kuki men flashed a torchlight in the face of a Naga youth who was passing by. Since all the men were drunk, it led to a brawl, which has now turned into severe tensions between the communities, involving killings, abductions and blockade of highways to cut off supplies of essentials and food to Kuki areas,” said the official.

The ethnic violence, which erupted on May 3, 2023, has claimed the lives of 300 people so far. Hundreds were killed in the wake of the Kuki-Naga clashes in the 1990s.",The Hindu,https://www.thehindu.com/news/national/after-ambushes-crpf-tells-forces-in-manipur-to-use-armoured-vehicles-avoid-sudden-deployment/article71231213.ece,"07/17/2026, 07:00 AM, +0000 UTC",Regional News & Incident Reports,"As the ethnic conflict between the Kuki and Meitei people in Manipur has now expanded to tensions between Kukis and the Naga people, plans are afoot to deploy the CoBRA battalions in the hill districts of Churachandpur, Kangpokpi, and Ukhrul, another government official said.","In the wake of two ambushes on Assam Rifles personnel in Manipur and Nagaland, the Central Reserve Police Force (CRPF) units deployed in Manipur have been instructed to use only armoured vehicles for movement and to avoid sudden or unplanned deployments, a senior government official said on Thursday (July 16, 2026). As the ethnic conflict between the Kuki and Meitei people in Manipur has now expanded to tensions between Kukis and the Naga people, plans are afoot to deploy the CoBRA battalions in the hill districts of Churachandpur, Kangpokpi, and Ukhrul, another government official said. It was at Litan in Ukhrul on February 7 that tensions between the two communities escalated, said the official. Ms. Kipgen’s appointment was protested by members of her community who opposed her decision to join the government till justice was delivered to their people.","In the wake of two ambushes on Assam Rifles personnel in Manipur and Nagaland, the Central Reserve Police Force (CRPF) units deployed in Manipur have been instructed to use only armoured vehicles for movement and to avoid sudden or unplanned deployments, a senior government official said on Thursday (July 16, 2026).","In the wake of two ambushes on Assam Rifles personnel in Manipur and Nagaland, the Central Reserve Police Force (CRPF) units deployed in Manipur have been instructed to use only armoured vehicles for movement and to avoid sudden or unplanned deployments, a senior government official said on Thursday (July 16, 2026). As the ethnic conflict between the Kuki and Meitei people in Manipur has now expanded to tensions between","Kukis and the Naga people, plans are afoot to deploy the CoBRA battalions in the hill districts of Churachandpur, Kangpokpi, and Ukhrul, another government official said. It was at Litan in Ukhrul on February 7 that tensions between the two communities escalated, said the official. Ms. Kipgen’s appointment was protested by members of her community who opposed her decision to join the government till justice was delivered to their people.",https://th-i.thgim.com/public/incoming/rg099h/article71231541.ece/alternates/LANDSCAPE_1200/6751_26_8_2023_14_26_17_2_17_CRPFINDUCTSHI_TECHWHAPARMOUREDVEHICLEINKASHMIR_SGR_26_08_2023.JPG
"After Trishul, why is India holding Poorvi Prachand Prahar, military drill in Arunachal?","The Indian Army, Navy and Air Force will conduct a joint military exercise in the mountains of Mechuka in Arunachal Pradesh this month. Poorvi Prachand Prahar will test the operational synergy between the three armed forces and enhance situational awareness. This comes after India’s operational activities on the western border

The Indian armed forces are all set to hold a tri-service exercise in Arunachal Pradesh. ‘Poorvi Prachand Prahar’ will be launched on November 11 in the rugged mountains of Mechuka in Arunachal Pradesh.

Designed as a forward-looking exercise, it will test the operational synergy between the Indian Army, Navy, and Air Force. The drill on India’s eastern front comes in the wake of several operational activities on the western borders.

Let’s take a closer look.

What is 'Poorvi Prachand Prahar'?

'Poorvi Prachand Prahar' will integrate warfighting capability and technological adaptation among the three wings of the armed forces, as per an official statement.

The exercise, which will conclude on November 15, will provide a full spectrum of joint operations between the Indian Army, Navy and Air Force, reflecting the “theatre command"" concept that India has adopted, as per a News18 report.

Advertisement

The military drill will focus on multi-domain integration across land, air and maritime fronts, demonstrating the enhanced readiness of the Indian armed forces for future conflicts, Defence PRO Lt Col Mahendra Rawat said in a statement on November 1.

He added, “The highlight of the exercise will be the coordinated employment of special forces, unmanned platforms, precision systems and networked operations centres operating in unison under realistic high-altitude conditions.""

The tri-service exercise aims to hone interoperability, increase situational awareness and validate command and control structures for joint mission execution.

More from Explainers More from Explainers

According to Rawat, revised tactics, techniques, and procedures (TTPs) will be tested and corroborated to boost combat agility and adaptability.

Exercise 'Poorvi Prachand Prahar' is significant in India's tri-service integration effort, following the successful completion of military exercises 'Bhala Prahar' in 2023 and 'Poorvi Prahar' last year.

The military drill ""reinforces the Armed Forces' collective resolve to maintain mission readiness and joint operational effectiveness in the defence of the nation"", Lt Col Rawat said in the statement.

Army men show their skills during an Army exhibition in Uttar Pradesh in 2017. File Photo/PTI

The China threat in Arunachal

Poorvi Prachand Prahar is seen as part of India's broader plan to increase preparedness along its sensitive borders with China.

The venue of the upcoming exercise in Mechuka, Arunachal Pradesh, holds importance as India ramps up surveillance and mobility near the Line of Actual Control (LAC).

Advertisement

Beijing claims the entire state of Arunachal Pradesh, which it calls “Zangnan, the southern part of Tibet”, as an “inherent part of China’s territory”. The country’s maps depict Arunachal Pradesh as part of China.

New Delhi has rejected China’s claims over Arunachal Pradesh, maintaining that it is an “integral and inalienable part of India”.

The military exercise comes amid a growing China threat in India’s eastern sector. According to an NDTV report, China has finished building 36 hardened aircraft shelters, new administrative blocks, and a new apron at its Lhunze airbase in Tibet, located about 40 kilometres north of the McMahon line — the de facto boundary between India and China that divides Arunachal Pradesh and Tibet.

""Construction of 36 hardened aircraft shelters at Lhunze clearly indicates that during the next incident, their [China's] tactical fighters and attack helicopters operating in support of their army would be based in Lhunze,"" Air Chief Marshal BS Dhanoa (retired), the former Indian Air Force chief, told the news channel.

Advertisement

The development comes even as tensions have eased between India and China following the 2020 border standoff.

Trishul exercise on the Western front

The Indian armed forces are carrying out the Trishul exercise on the Western front, along the borders of Rajasthan and Gujarat.

“The exercise aims to achieve validation and synchronisation of operational procedures across the three Services, enabling joint effect-based operations in multi-domain environment. Key objectives include enhancing interoperability of platforms and infrastructure, strengthening the integration of networks across Services, and advancing jointness in operations across multiple domains,” the Ministry of Defence said in a statement last week.

The exercise involves live-fire drills, electronic warfare systems, and integrated battlefield communications to fine-tune rapid-response mechanisms.

“Our main objective is to enhance the synergy between all the maritime forces as well as inter-services. This is a very large, complex, and multi-domain integrated operation that is being conducted at the largest scale, including aspects of cyber and space,"" Vice Admiral AN Pramod, Director General Naval Operations (DGNO), told News18.

Poorvi Prachand Prahar and Trishul are crucial military exercises being conducted by the Indian armed forces following Operation Sindoor. In May, India targeted nine terror camps operating in Pakistan and Pakistan-occupied Kashmir (PoK), a retaliation for the April 22 Pahalgam terror attack in which terrorists killed 26 tourists in Jammu and Kashmir.

With inputs from agencies",Firstpost,https://www.firstpost.com/explainers/india-poorvi-prachand-prahar-military-drill-arunachal-pradesh-13947788.html,"11/04/2025, 08:00 AM, +0000 UTC",Regional News & Incident Reports,"The Indian Army, Navy and Air Force will conduct a joint military exercise in the mountains of Mechuka in Arunachal Pradesh this month.","The Indian Army, Navy and Air Force will conduct a joint military exercise in the mountains of Mechuka in Arunachal Pradesh this month. Poorvi Prachand Prahar will test the operational synergy between the three armed forces and enhance situational awareness. ‘Poorvi Prachand Prahar’ will be launched on November 11 in the rugged mountains of Mechuka in Arunachal Pradesh. Poorvi Prachand Prahar is seen as part of India's broader plan to increase preparedness along its sensitive borders with China.",‘Poorvi Prachand Prahar’ will be launched on November 11 in the rugged mountains of Mechuka in Arunachal Pradesh.,"The Indian Army, Navy and Air Force will conduct a joint military exercise in the mountains of Mechuka in Arunachal Pradesh this month. Poorvi Prachand Prahar will test the operational synergy between the three armed forces and enhance situational",awareness. ‘Poorvi Prachand Prahar’ will be launched on November 11 in the rugged mountains of Mechuka in Arunachal Pradesh. Poorvi Prachand Prahar is seen as part of India's broader plan to increase preparedness along its sensitive borders with China.,"https://images.firstpost.com/uploads/2025/11/1-2025-11-057acc4f67be4e83e78c7a14295e9165.jpg?im=Resize,width=720,aspect=fit,type=normal"
Indian Army tests combat readiness in Arunachal Pradesh,"The Indian Army has conducted Exercise Yudh Kaushal 3.0 in the high-altitude Kameng region of Arunachal Pradesh, showcasing its preparedness for next-generation warfare in extreme Himalayan conditions.

Observed by the General Officer Commanding of Gajraj Corps, the exercise featured large-scale manoeuvres with drone surveillance, precision strikes, real-time target acquisition, air–littoral operations and synchronized battlefield tactics.

According to Indian Army, a major highlight was the operational debut of the newly raised ASHNI platoons, designed to integrate advanced technology with traditional combat skills for decisive battlefield advantage.

The exercise also marked the active participation of the Indian defence industry, reflecting the push for indigenous innovation under the vision of self-reliance, the army added.

Army officials said Yudh Kaushal 3.0 validated combat effectiveness in harsh terrain while reinforcing the force’s shift towards multi-domain operations and adoption of emerging technologies.",The Hindu,https://www.thehindu.com/news/national/exercise-yudh-kaushal-30-demonstrates-next-gen-combat-readiness-in-eastern-himalayas/article69995845.ece,"08/31/2025, 07:00 AM, +0000 UTC",Regional News & Incident Reports,"The Indian Army has conducted Exercise Yudh Kaushal 3.0 in the high-altitude Kameng region of Arunachal Pradesh, showcasing its preparedness for next-generation warfare in extreme Himalayan conditions.","The Indian Army has conducted Exercise Yudh Kaushal 3.0 in the high-altitude Kameng region of Arunachal Pradesh, showcasing its preparedness for next-generation warfare in extreme Himalayan conditions. Observed by the General Officer Commanding of Gajraj Corps, the exercise featured large-scale manoeuvres with drone surveillance, precision strikes, real-time target acquisition, air–littoral operations and synchronized battlefield tactics. According to Indian Army, a major highlight was the operational debut of the newly raised ASHNI platoons, designed to integrate advanced technology with traditional combat skills for decisive battlefield advantage. The exercise also marked the active participation of the Indian defence industry, reflecting the push for indigenous innovation under the vision of self-reliance, the army added.","Observed by the General Officer Commanding of Gajraj Corps, the exercise featured large-scale manoeuvres with drone surveillance, precision strikes, real-time target acquisition, air–littoral operations and synchronized battlefield tactics.","The Indian Army has conducted Exercise Yudh Kaushal 3.0 in the high-altitude Kameng region of Arunachal Pradesh, showcasing its preparedness for next-generation warfare in extreme Himalayan conditions. Observed by the General Officer Commanding of Gajraj Corps, the exercise featured large-scale manoeuvres with drone surveillance, precision strikes, real-time target acquisition, air–littoral operations and synchronized battlefield tactics.","According to Indian Army, a major highlight was the operational debut of the newly raised ASHNI platoons, designed to integrate advanced technology with traditional combat skills for decisive battlefield advantage. The exercise also marked the active participation of the Indian defence industry, reflecting the push for indigenous innovation under the vision of self-reliance, the army added.",https://lookaside.instagram.com/seo/google_widget/crawler/?media_id=3712168858791025499
India-China Troops Reportedly Clash in Arunachal's Upper Subansiri Region,"Fresh reports of a confrontation between Indian Army and Chinese People's Liberation Army (PLA) soldiers have emerged from the Taksing Circle in Arunachal Pradesh's Upper Subansiri district. Visual evidence, including photos and videos, circulating widely on social media platforms, suggests a skirmish took place between the two sides.

According to these circulating reports, the incident is believed to have occurred on July 26, 2026, though some accounts indicate that tensions and clashes might have commenced a day earlier, on July 25. The specific details regarding the nature and extent of the confrontation remain unconfirmed by official sources, but the visual content has sparked significant discussion.

This reported escalation comes amidst ongoing concerns regarding border activities in the sensitive region. There have been previous allegations of Chinese construction activities, including the building of roads and military bunkers, in areas adjacent to Taksing, such as Maza, Galemu, Potrang Lake, Tama Chuchu, Galen Sinyik, and Shreechu Valley. These reported incursions have consistently been a point of contention between India and China along the Line of Actual Control (LAC).

The latest purported clash, if officially confirmed, underscores the persistent volatility along the disputed Indo-Tibetan border. Such incidents highlight the need for continued vigilance and diplomatic engagement to maintain peace and stability in the strategically vital northeastern frontier.",Prag News,https://pragnews.com/en/india-china-troops-reportedly-clash-in-arunachals-upper-subansiri-region,"08/06/2026, 07:00 AM, +0000 UTC",Regional News & Incident Reports,Fresh reports of a confrontation between Indian Army and Chinese People's Liberation Army (PLA) soldiers have emerged from the Taksing Circle in Arunachal Pradesh's Upper Subansiri district.,"Fresh reports of a confrontation between Indian Army and Chinese People's Liberation Army (PLA) soldiers have emerged from the Taksing Circle in Arunachal Pradesh's Upper Subansiri district. Visual evidence, including photos and videos, circulating widely on social media platforms, suggests a skirmish took place between the two sides. According to these circulating reports, the incident is believed to have occurred on July 26, 2026, though some accounts indicate that tensions and clashes might have commenced a day earlier, on July 25. The specific details regarding the nature and extent of the confrontation remain unconfirmed by official sources, but the visual content has sparked significant discussion.","According to these circulating reports, the incident is believed to have occurred on July 26, 2026, though some accounts indicate that tensions and clashes might have commenced a day earlier, on July 25.","Fresh reports of a confrontation between Indian Army and Chinese People's Liberation Army (PLA) soldiers have emerged from the Taksing Circle in Arunachal Pradesh's Upper Subansiri district. Visual evidence, including photos and videos, circulating widely on social media platforms, suggests a skirmish took place between the two sides. According to these circulating","reports, the incident is believed to have occurred on July 26, 2026, though some accounts indicate that tensions and clashes might have commenced a day earlier, on July 25. The specific details regarding the nature and extent of the confrontation remain unconfirmed by official sources, but the visual content has sparked significant discussion.",https://pragnews.com/assets/post/2026/08/1786013858_fvtmchBI.webp
Eastern command gears up for major tri-service exercise ‘Poorvi Prachand Prahar’,"NEW DELHI: As India intensifies its drive toward integrated tri-service operations, the Eastern Command is set to host a major joint exercise named 'Poorvi Prachand Prahar' from November 11 to 15 at Mechuka, about 30 km from the Line of Actual Control (LAC) in Arunachal Pradesh.

The exercise will mark the maiden deployment of newly raised Indian Army formations, the Bhairav Battalion, Ashni Platoon of Infantry, and Divyastra Artillery Batteries, which reflect the ongoing modernisation and reorganisation push within the force.

These combat units are being raised under a “Save and Raise” model, incurring no additional cost to the state exchequer.

Defence spokesperson Lt Col Mahendra Rawat said the exercise aims to validate multi-domain integration across land, air, and maritime theatres, refining interoperability and command structures for future joint missions.

“It will test revised tactics, techniques, and procedures to enhance combat agility and adaptability under high-altitude conditions,” he added.

One of the key highlights will be the coordinated employment of Special Forces, unmanned platforms, precision systems, and networked operations centres, which is a first-of-its-kind high-altitude validation of India’s evolving warfighting doctrine.

The Army has already operationalised five of its 25 Bhairav Light Combat Battalions, designed for lean, high-impact operations along India’s borders with China and Pakistan. As reported earlier by TNIE, each infantry unit now includes an Ashni Platoon, equipped with drones for intelligence, surveillance, reconnaissance (ISR) and loitering munitions.

Poorvi Prachand Prahar follows the successful exercise 'Bhala Prahar' (2023) and exercise Poorvi Prahar (2024), which marks yet another milestone in India’s tri-service integration efforts. It coincides with exercise 'Trishul' in the Western Sector, scheduled to culminate on November 13, and follows exercise 'Vidyut Vidhhwans' held in October.

In strategic terms, the Eastern Sector remains vital to India’s defence posture. The Line of Actual Control spans three sectors namely Western (Ladakh), Central (Himachal, Uttarakhand), and Eastern (Sikkim, Arunachal Pradesh). The Eastern Command oversees the 1,346 km stretch including Sikkim and Arunachal Pradesh, besides managing the borders with Myanmar and Bangladesh.

Arunachal Pradesh, often the focal point of Chinese aggression since 1962, includes six disputed areas -- Asapila, Longzu, Bisa, Majha, Tulung-la, and Yangtse -- and four sensitive zones such as Fishtail I & II, Thag La, and Dichu. With Poorvi Prachand Prahar, India’s Eastern Command reinforces its readiness to counter emerging threats through integrated, technology-driven warfare.",The New Indian Express,https://www.newindianexpress.com/india/2025/Nov/04/eastern-command-gears-up-for-major-tri-service-exercise-poorvi-prachand-prahar,"11/04/2025, 08:00 AM, +0000 UTC",Regional News & Incident Reports,"NEW DELHI: As India intensifies its drive toward integrated tri-service operations, the Eastern Command is set to host a major joint exercise named 'Poorvi Prachand Prahar' from November 11 to 15 at Mechuka, about 30 km from the Line of Actual Control (LAC) in Arunachal Pradesh.","NEW DELHI: As India intensifies its drive toward integrated tri-service operations, the Eastern Command is set to host a major joint exercise named 'Poorvi Prachand Prahar' from November 11 to 15 at Mechuka, about 30 km from the Line of Actual Control (LAC) in Arunachal Pradesh. The exercise will mark the maiden deployment of newly raised Indian Army formations, the Bhairav Battalion, Ashni Platoon of Infantry, and Divyastra Artillery Batteries, which reflect the ongoing modernisation and reorganisation push within the force. Poorvi Prachand Prahar follows the successful exercise 'Bhala Prahar' (2023) and exercise Poorvi Prahar (2024), which marks yet another milestone in India’s tri-service integration efforts. It coincides with exercise 'Trishul' in the Western Sector, scheduled to culminate on November 13, and follows exercise 'Vidyut Vidhhwans' held in October.","Poorvi Prachand Prahar follows the successful exercise 'Bhala Prahar' (2023) and exercise Poorvi Prahar (2024), which marks yet another milestone in India’s tri-service integration efforts.","NEW DELHI: As India intensifies its drive toward integrated tri-service operations, the Eastern Command is set to host a major joint exercise named 'Poorvi Prachand Prahar' from November 11 to 15 at Mechuka, about 30 km from the Line of Actual Control (LAC) in Arunachal Pradesh. The exercise will mark the maiden deployment of newly raised Indian Army formations, the Bhairav Battalion, Ashni Platoon","of Infantry, and Divyastra Artillery Batteries, which reflect the ongoing modernisation and reorganisation push within the force. Poorvi Prachand Prahar follows the successful exercise 'Bhala Prahar' (2023) and exercise Poorvi Prahar (2024), which marks yet another milestone in India’s tri-service integration efforts. It coincides with exercise 'Trishul' in the Western Sector, scheduled to culminate on November 13, and follows exercise 'Vidyut Vidhhwans' held in October.",https://cf-images.assettype.com/newindianexpress/2025-11-04/xx7op5e5/20251024239L.jpg?w=1200&h=675&auto=format%2Ccompress&fit=max&enlarge=true
